id,gammelt_begrep,antatt_v6_begrep,status,berørte_flater,resx_nøkkelfamilier,verifiseringsspørsmål,beslutning
TERM-001,gevinst / gevinster,nyttevirkning / nyttevirkninger,UVERIFISERT,"76 resx-verdier (no-NB), 3 SPFx-loc-strenger, sjekkpunkt- og oppgavetekster","Choice_GtGainsType_*, Choice_GtIdeaEconomicBenefit_*, Choice_GtIdeaQualityBenefit_*, Choice_GtStatusGainAchievement_*","Bruker v6 «nyttevirkning», «nytte» eller begge? Entall/flertall? Brukes «gevinst» fortsatt noe sted?",
TERM-002,gevinstrealiseringsplan,plan for nyttestyring,UVERIFISERT,"dokumentmal Gevinstrealiseringsplan_v4.0.docx (+ nynorsk), sjekkpunkter, oppgavetekster",,"Heter malen eksakt «Plan for nyttestyring»? Finnes nynorskversjon hos Digdir?",
TERM-003,gevinstansvarlig,nytteansvarlig (?),UVERIFISERT — HØYST USIKKER,"taksonomiterm i termsettet Rolle (Name = lagret verdi i listedata!), rolletekster","Rolle-termsettet i Taxonomy.xml","Er rollen faktisk omdøpt i v6? Omdøping av termnavnet er en DATAMIGRERING og en egen M1-beslutning — jf. issue #162 og plandokumentets område C punkt 4.",
TERM-004,gevinsteier,(bygget inn i gevinstansvarlig?),UVERIFISERT,"felt GtGainsOwner (DisplayName), gevinstlisten på prosjektområdet","ListFields_GainLookup_*","v6 skal ha bygget gevinsteier-begrepet inn i gevinstansvarlig-rollen. Hva heter da eieren av en enkeltgevinst/nyttevirkning i registeret?",
TERM-005,gevinstrealisering,nyttestyring / realisering av nyttevirkninger (?),UVERIFISERT,"fasen Realisere: PhaseSubText «Realisere mål og gevinster», engelsk fase-label «Benefits realization», navigasjon Gevinstoversikt","Choice_GtProjectPhaseChoice_BenefitsRealization, ClientSidePages_*BenefitOverview_*, Navigation_Benefits*","Hvilket begrep bruker v6 om aktiviteten i realiseringsfasen? Fasenavnet «Realisere» røres ikke — kun undertekst/beskrivelse.",
TERM-006,gevinstoversikt,nytteoversikt (?),UVERIFISERT,"siden Gevinstoversikt.aspx (kun tittel — filnavnet består), webdel-titler, navigasjon","ClientSidePages_BenefitOverview_Title, Navigation_BenefitsOverview_*","Har v6 et tilsvarende samlebegrep?",
TERM-007,gevinstanalyse,nytteanalyse (?),UVERIFISERT,"listen Gevinstanalyse på prosjektområdet (kun Title — URL består), navigasjon","Lists_BenefitsAnalysis_Title, Navigation_BenefitsAnalysis_Title","Hva kaller v6 analysen av forventede nyttevirkninger?",
TERM-008,samfunnsøkonomisk analyse,(avviklet som egen aktivitet),UVERIFISERT,"oppgaveraden i Planneroppgaver, ev. sjekkpunkt","","Bekreft at aktiviteten er avviklet, og hva den eventuelt er erstattet av (de seks spørsmålene i utredningsinstruksen?).",
TERM-009,styringsparametere (5+1),sju parametere inkl. omfang og bærekraft,UVERIFISERT,"Statusseksjoner, prosjektstatusrapport","Lists_StatusSections_*","Bekreft den eksakte listen over sju parametere og v6s norske betegnelser (særlig «omfang» vs «innhold»/«scope»).",
